Workbook

Sheet 06-200 Billing Form
B2: DSHS | F2: Registered Nurse (RN) Delegation Billing | AC2: NPI NUMBER
F4: Taxonomy: | Q4: Service Code: H2014 | W4: 1 Unit = 15 minutes | AC4: BILLING MONTH
E6: 1 | F6: 2 | G6: 3 | H6: 4 | I6: 5 | J6: 6 | K6: 7 | L6: 8 | M6: 9 | N6: 10 | O6: 11 | P6: 12 | Q6: 13 | R6: 14 | S6: 15 | T6: 16 | U6: 17 | V6: 18 | W6: 19 | X6: 20 | Y6: 21 | Z6: 22 | AA6: 23 | AB6: 24 | AC6: 25 | AD6: 26 | AE6: 27 | AF6: 28 | AG6: 29 | AH6: 30 | AI6: 31 | AJ6: TOTAL
B7: CLIENT'S NAME | S7: DATE OF BIRTH | AB7: ICD-10 CODE
S8: =IFERROR(IF(B8="","",VLOOKUP(B8,'Client List'!$A:$C,2,0)),"") | AB8: =IFERROR(IF(B8="","",VLOOKUP(B8,'Client List'!$A:$C,3,0)),"")
B9: ASSESSMENT / TRAINING | AJ9: =SUM(E9:AI9) -> 0
B10: COLLATERAL CONTACT | AJ10: =SUM(E10:AI10) -> 0
B11: TRAVEL TIME | AJ11: =SUM(E11:AI11) -> 0
B12: DOCUMENTATION | AJ12: =SUM(E12:AI12) -> 0
B13: BILLING | AJ13: =SUM(E13:AI13) -> 0
B14: CLIENT'S NAME | S14: DATE OF BIRTH | AB14: ICD-10 CODE
S15: =IFERROR(IF(B15="","",VLOOKUP(B15,'Client List'!$A:$C,2,0)),"") | AB15: =IFERROR(IF(B15="","",VLOOKUP(B15,'Client List'!$A:$C,3,0)),"")
B16: ASSESSMENT / TRAINING | AJ16: =SUM(E16:AI16) -> 0
B17: COLLATERAL CONTACT | AJ17: =SUM(E17:AI17) -> 0
B18: TRAVEL TIME | AJ18: =SUM(E18:AI18) -> 0
B19: DOCUMENTATION | AJ19: =SUM(E19:AI19) -> 0
B20: BILLING | AJ20: =SUM(E20:AI20) -> 0
B21: CLIENT'S NAME | S21: DATE OF BIRTH | AB21: ICD-10 CODE
S22: =IFERROR(IF(B22="","",VLOOKUP(B22,'Client List'!$A:$C,2,0)),"") | AB22: =IFERROR(IF(B22="","",VLOOKUP(B22,'Client List'!$A:$C,3,0)),"")
B23: ASSESSMENT / TRAINING | AJ23: =SUM(E23:AI23) -> 0
B24: COLLATERAL CONTACT | AJ24: =SUM(E24:AI24) -> 0
B25: TRAVEL TIME | AJ25: =SUM(E25:AI25) -> 0
B26: DOCUMENTATION | AJ26: =SUM(E26:AI26) -> 0
B27: BILLING | AJ27: =SUM(E27:AI27) -> 0
B28: CLIENT'S NAME | S28: DATE OF BIRTH | AB28: ICD-10 CODE
S29: =IFERROR(IF(B29="","",VLOOKUP(B29,'Client List'!$A:$C,2,0)),"") | AB29: =IFERROR(IF(B29="","",VLOOKUP(B29,'Client List'!$A:$C,3,0)),"")
B30: ASSESSMENT / TRAINING | AJ30: =SUM(E30:AI30) -> 0
B31: COLLATERAL CONTACT | AJ31: =SUM(E31:AI31) -> 0
B32: TRAVEL TIME | AJ32: =SUM(E32:AI32) -> 0
B33: DOCUMENTATION | AJ33: =SUM(E33:AI33) -> 0
B34: BILLING | AJ34: =SUM(E34:AI34) -> 0
B35: DSHS 06-200 (05/2023) · Golden Years Home Health Supported Living LLC · Nurse Delegation Billing

Sheet Client List
A1: CLIENT_NAME | B1: DATE_OF_BIRTH | C1: ICD10 | D1: ACES_ID

Sheet Instructions
A1: HOW TO USE THIS FORM
A3: CLIENT NAME DROPDOWNS
A4: 1. Open the "Client List" sheet and paste your exported client names, dates of birth, and ICD-10 codes into columns A, B, C.
A5: 2. Return to the "06-200 Billing Form" sheet.
A6: 3. Click any CLIENT'S NAME cell — a dropdown arrow appears. Select the client name from the list.
A7: 4. Date of Birth and ICD-10 Code cells auto-fill from the Client List sheet once you select a name. Clear the name cell to reset.
A9: ENTERING UNITS
A10: 1 Unit = 15 minutes of service. Enter the number of units per day in the date columns.
A11: TOTAL column auto-calculates the sum of all daily units for each row.
A13: PRINTING
A14: File → Print. The form is pre-configured for landscape, Letter paper, fit to one page wide.
A16: SYSTEM INTEGRATION NOTE
A17: When generating this form from the Golden Years RN Management System, client names and DOBs are pre-populated automatically from the active client list. You only need to enter the billing units and the billing month.
